{"cameraMode":{"drawMode":0,"name":"Shaded","section":"Shading Mode"},"sceneLighting":false,"audioPlay":false,"sceneViewState":{"showFog":false,"showMaterialUpdate":false,"showSkybox":false,"showFlares":false,"showImageEffects":false,"showParticleSystems":false,"showVisualEffectGraphs":true,"m_FxEnabled":true},"in2DMode":false,"pivot":{"x":-0.37247025966644289,"y":1.1488661766052247,"z":-0.033870816230773929},"rotation":{"x":-0.09290126711130142,"y":-0.8760457634925842,"z":0.4345821440219879,"w":-0.1872735619544983},"size":1.9809272289276124,"orthographic":false}